Society Name,Facebook Address,
A cappella Society,wacasociety,https://scontent-lht6-1.xx.fbcdn.net/v/t1.0-9/37488737_252261965416413_1458964166697025536_o.png?_nc_cat=100&_nc_ht=scontent-lht6-1.xx&oh=c6db31eed230f1e2146adef45458f3ef&oe=5CA8EA2D
Accounting Society,WarwickAccounting,https://scontent-lht6-1.xx.fbcdn.net/v/t1.0-9/261802_471766646197613_1280301658_n.jpg?_nc_cat=111&_nc_ht=scontent-lht6-1.xx&oh=3d2b6befd778e35e2fa2f2af82751bda&oe=5C65BBA0
Africa Summit,WarwickAfricaSummit,https://scontent-lht6-1.xx.fbcdn.net/v/t31.0-8/15799845_193721017761552_6114773356977633541_o.jpg?_nc_cat=106&_nc_ht=scontent-lht6-1.xx&oh=8a8aad1766fccd2505e9662a8676bc61&oe=5CA43B05
African & Caribbean Society,WARWICKACS17,https://scontent-lht6-1.xx.fbcdn.net/v/t1.0-9/18157867_454596131542730_7587197796554977725_n.jpg?_nc_cat=100&_nc_ht=scontent-lht6-1.xx&oh=75e77560bdc9e1b2dfb0f6ae7150eac3&oe=5CA48E99
AIESEC,,
Allotment Society,,
Amnesty,warwickamnestyofficialpage,https://scontent-lht6-1.xx.fbcdn.net/v/t1.0-9/20376136_1597945310237213_7587924651786348279_n.jpg?_nc_cat=109&_nc_ht=scontent-lht6-1.xx&oh=dd353f948acdd0fe1774bce20b9d764c&oe=5CB18220
Anime And Manga,,
Arabic,arabicsocietywarwick,https://scontent-lht6-1.xx.fbcdn.net/v/t1.0-9/20915635_1263656067077749_6193934115287316215_n.jpg?_nc_cat=101&_nc_ht=scontent-lht6-1.xx&oh=480b772d89743eb7a1c7735d3e6333fb&oe=5CABBAF6
Argentine Tango Society,argentinetango.warwickuni,https://scontent-lht6-1.xx.fbcdn.net/v/t1.0-9/41032908_912170088993858_3247279963388248064_n.jpg?_nc_cat=109&_nc_ht=scontent-lht6-1.xx&oh=41a422e4f1652087e4e9133b692b9ace&oe=5CA94F81
Art Soc,warwicklifedrawing,https://scontent-lht6-1.xx.fbcdn.net/v/t1.0-9/11042692_1601415846767019_7597307982277480028_n.png?_nc_cat=105&_nc_ht=scontent-lht6-1.xx&oh=f8133695981841ff6523372e7264c512&oe=5C9C5608
Asian Society,warwickasiansociety,https://scontent-lht6-1.xx.fbcdn.net/v/t1.0-9/32819488_2067407620203583_8966556851097305088_o.png?_nc_cat=109&_nc_ht=scontent-lht6-1.xx&oh=8eafb0160fced258cbe76f69ceaecf82&oe=5C9EBBA7
Astronomy Society,warwickastrosoc,https://scontent-lht6-1.xx.fbcdn.net/v/t31.0-8/13411679_1755807604632474_6033720599795713921_o.jpg?_nc_cat=111&_nc_ht=scontent-lht6-1.xx&oh=b6e081a513cc901a55af98fb2a7b7d54&oe=5C6890D5
Band,warwickbandsoc,https://scontent-lht6-1.xx.fbcdn.net/v/t1.0-9/13100717_10153635568095875_8204138489122292741_n.png?_nc_cat=107&_nc_ht=scontent-lht6-1.xx&oh=60513926ed1b595fe6785965b5c48319&oe=5C7080E2
Belly Dance Society,WarwickBellyDance,https://scontent-lht6-1.xx.fbcdn.net/v/t1.0-9/46943340_2059562084102301_7016841285843550208_o.jpg?_nc_cat=100&_nc_ht=scontent-lht6-1.xx&oh=cd99762ba96d02fb575befd98465e20f&oe=5C9FD080
Bengali,WarwickBengaliSociety,https://scontent-lht6-1.xx.fbcdn.net/v/t1.0-9/28377942_1584430371594866_6551036839753416704_o.jpg?_nc_cat=101&_nc_ht=scontent-lht6-1.xx&oh=00e89ed397616e9278e187d2d517eb5b&oe=5C6A17D2
BFT Film Productions,bftfilmproductions,https://scontent-lht6-1.xx.fbcdn.net/v/t31.0-8/14444971_734476026690479_1209937385762447615_o.jpg?_nc_cat=100&_nc_ht=scontent-lht6-1.xx&oh=9e8dc2ad5136f64a37a4999aec3ba50d&oe=5CA40F76
Big Band,UoWBB,https://scontent-lht6-1.xx.fbcdn.net/v/t31.0-8/11779841_10154339789872316_9139900697783569743_o.jpg?_nc_cat=100&_nc_ht=scontent-lht6-1.xx&oh=a47bd3896f7a2eac3f4ec8b0a1dfdfea&oe=5C71E28F
BioSoc,warwickbiosoc,https://scontent-lht6-1.xx.fbcdn.net/v/t1.0-9/12109061_809285782502952_8694853206536940195_n.jpg?_nc_cat=107&_nc_ht=scontent-lht6-1.xx&oh=096badb4676d34873ad0c85125f6e698&oe=5C6A6C5A
Bollywood Dance Society,bdswarwick,https://scontent-lht6-1.xx.fbcdn.net/v/t1.0-9/12063719_1807275779499916_8869401423176394805_n.jpg?_nc_cat=103&_nc_ht=scontent-lht6-1.xx&oh=a694867e73e9763bdf0093b954270c2d&oe=5C6CFD07
Brass Society,BrassSoc,https://scontent-lht6-1.xx.fbcdn.net/v/t31.0-8/14102770_1002299023201473_4267426100353017139_o.png?_nc_cat=101&_nc_ht=scontent-lht6-1.xx&oh=3a0d1fe76ea65d022e7fbd0725564f47&oe=5C6F1052
Brick Society,WarwickLEGO,https://scontent-lht6-1.xx.fbcdn.net/v/t1.0-9/24129988_1524965147540402_3398315461126302375_n.jpg?_nc_cat=108&_nc_ht=scontent-lht6-1.xx&oh=011b1fe96cfde4f6eec997e9d00a4935&oe=5C9CA3F7
Bridge,,
Bulgarian Society,warwickbgsoc,https://scontent-lht6-1.xx.fbcdn.net/v/t31.0-8/15068925_903440423121264_2110706234285093774_o.jpg?_nc_cat=106&_nc_ht=scontent-lht6-1.xx&oh=ab53bf30d96cf8510ca9a8bbe328c575&oe=5CB0F67B
Cantonese,WarwickCantoneseSociety,https://scontent-lht6-1.xx.fbcdn.net/v/t1.0-9/42639529_1798382456955247_9173565293987889152_n.jpg?_nc_cat=109&_nc_ht=scontent-lht6-1.xx&oh=a0a9b6cfa65383156f4ea760c299fac8&oe=5CA41E06
Caribbean Culture Society,ccswarwick,https://scontent-lht6-1.xx.fbcdn.net/v/t1.0-9/31369421_1690439924375419_2316919489351909376_n.jpg?_nc_cat=105&_nc_ht=scontent-lht6-1.xx&oh=949341206eea16f468f0f8ca52749f5d&oe=5C648FD1
CathSoc,warwickcatholicsociety,https://scontent-lht6-1.xx.fbcdn.net/v/t1.0-9/31689254_2069139886696131_1656243477870018560_n.jpg?_nc_cat=105&_nc_ht=scontent-lht6-1.xx&oh=2157c25cb2f0bc7c3f7ddf1d0ef539eb&oe=5C9CC179
Cheese and Chocolate,,
Chem Soc,,
Chess,warwickchess,https://scontent-lht6-1.xx.fbcdn.net/v/t1.0-9/12998526_522823697902261_1687371106821330160_n.png?_nc_cat=109&_nc_ht=scontent-lht6-1.xx&oh=ddf19641cae207a8645e722b8b6e34f9&oe=5CAFC64A
CHILD.org,childorgwarwick,https://scontent-lht6-1.xx.fbcdn.net/v/t1.0-9/13177049_1771210796442767_6985936152136924764_n.jpg?_nc_cat=103&_nc_ht=scontent-lht6-1.xx&oh=1f8ebe30eb655de0f42ffe7dd6a0425c&oe=5C642A50
China Development Society,WarwickChinaDevelopmentSociety,https://scontent-lht6-1.xx.fbcdn.net/v/t1.0-9/14462889_1057153731065119_5560052091692160270_n.jpg?_nc_cat=110&_nc_ht=scontent-lht6-1.xx&oh=e8aa759cfd745fcb59bba03cc91c18fb&oe=5CA44E52
Chinese,Warwick-Chinese-Society-264999396877364,https://scontent-lht6-1.xx.fbcdn.net/v/t31.0-8/12038740_960426814001282_5315326801578208589_o.jpg?_nc_cat=111&_nc_ht=scontent-lht6-1.xx&oh=2303b5c925125eb9ed95cf981e65f4ab&oe=5CA693E5
Chinese Orchestra,warwickcos,https://scontent-lht6-1.xx.fbcdn.net/v/t1.0-9/297852_246228055409686_7922652_n.jpg?_nc_cat=104&_nc_ht=scontent-lht6-1.xx&oh=fde128936a81483cba2b6775712dc9ab&oe=5C9DFB02
Christian Focus,WarwickChristianFocus,https://scontent-lht6-1.xx.fbcdn.net/v/t1.0-9/41685465_299604307289262_5674631192293408768_o.jpg?_nc_cat=110&_nc_ht=scontent-lht6-1.xx&oh=220d4adf0b1facbb05e08802ea4e14a6&oe=5CAED757
Christian Union,WarwickCU,https://scontent-lht6-1.xx.fbcdn.net/v/t31.0-8/28828610_970145306487629_7321478134469253549_o.jpg?_nc_cat=106&_nc_ht=scontent-lht6-1.xx&oh=32477753003a90240623b8183d4540ff&oe=5C741547
Classics,WarwickClassicsSoc,https://scontent-lht6-1.xx.fbcdn.net/v/t1.0-9/46749882_412238319313284_7175803003335606272_n.jpg?_nc_cat=108&_nc_ht=scontent-lht6-1.xx&oh=539729f7c04dbde4d482010c044534f8&oe=5CA54DCE
Climate Reality,climaterealitywarwick,https://scontent-lht6-1.xx.fbcdn.net/v/t1.0-9/47256627_556160334810397_1908650158871019520_o.jpg?_nc_cat=109&_nc_ht=scontent-lht6-1.xx&oh=1600c7faa34c3c6d1c2f045f10881428&oe=5CA68443
Cobalt,cobaltmagazine,https://scontent-lht6-1.xx.fbcdn.net/v/t31.0-8/1421199_594964350626151_262723193502296407_o.png?_nc_cat=105&_nc_ht=scontent-lht6-1.xx&oh=fa5fccd3514d98bbcc94fd607964fb04&oe=5C9D1C40
Cocktail Club,warwickcocktail,https://scontent-lht6-1.xx.fbcdn.net/v/t1.0-9/14102548_827431730691043_3278534540971300295_n.jpg?_nc_cat=111&_nc_ht=scontent-lht6-1.xx&oh=17579e5bc21b135fa9b2947d63aed0f6&oe=5C6BFDBF
Codpiece Theatre,codpiecetheatresociety,https://scontent-lht6-1.xx.fbcdn.net/v/t1.0-9/10403316_276540075851714_6338086201107802851_n.jpg?_nc_cat=103&_nc_ht=scontent-lht6-1.xx&oh=9e429f0fc9e411276cb78f8c2568348e&oe=5C6EFF0C
Comedy,warwickcomedysoc,https://scontent-lht6-1.xx.fbcdn.net/v/t1.0-9/19601227_1174928135968646_4061807124000166544_n.jpg?_nc_cat=108&_nc_ht=scontent-lht6-1.xx&oh=da4bdf8180f2fb21a526b3e3af33a077&oe=5CA38846
Comic Book Society,,
Computing,,
Craft,warwickcraft,https://scontent-lht6-1.xx.fbcdn.net/v/t1.0-9/43346159_2310073949022561_221641490957336576_n.jpg?_nc_cat=108&_nc_ht=scontent-lht6-1.xx&oh=7b5729ab20c4ccd1ced1d37adc662d50&oe=5CA147AA
Cypriot and Hellenic Society,WCHS18,https://scontent-lht6-1.xx.fbcdn.net/v/t1.0-9/44060342_1922870057809631_5604289996035981312_n.png?_nc_cat=111&_nc_ht=scontent-lht6-1.xx&oh=b85aa38525ff25ded9bcb2d7129ce44f&oe=5CA735EB
Disney Society Warwick,disneywarwick,https://scontent-lht6-1.xx.fbcdn.net/v/t1.0-9/42330621_317919108994819_5507663015811481600_o.jpg?_nc_cat=104&_nc_ht=scontent-lht6-1.xx&oh=9c6192a24f09b5c7055e14e64787f880&oe=5CAD4A54
Dota,,
Drama Collective Society,dramacollective,https://scontent-lht6-1.xx.fbcdn.net/v/t1.0-9/13934659_1137423829637345_6298818731907299669_n.jpg?_nc_cat=106&_nc_ht=scontent-lht6-1.xx&oh=820191b202bd5c53e9923f4ed99d64cc&oe=5CB16164
Drumming Society,DrumSoc,https://scontent-lht6-1.xx.fbcdn.net/v/t31.0-8/13308418_1046798088730096_5275622844040371683_o.png?_nc_cat=100&_nc_ht=scontent-lht6-1.xx&oh=dd03bdb37372795f84e3161ddd5a0edc&oe=5CB16395
DubaiSoc,WarwickDubaiSoc,https://scontent-lht6-1.xx.fbcdn.net/v/t1.0-9/29573181_196090280999393_1522608738605051324_n.jpg?_nc_cat=106&_nc_ht=scontent-lht6-1.xx&oh=8b8155cf7e04854ba8e655e7af4d66c7&oe=5CA282BE
Duke of Edinburgh's Award Society,WarwickDofE,https://scontent-lht6-1.xx.fbcdn.net/v/t1.0-9/10403721_717175761701789_1855631982053005117_n.png?_nc_cat=106&_nc_ht=scontent-lht6-1.xx&oh=59d8af4e1ebe4460d140883c8ebb919e&oe=5C6769A5
East African Society,EASOCWarwick,https://scontent-lht6-1.xx.fbcdn.net/v/t1.0-9/32583348_2188635087818753_1352974935156326400_o.jpg?_nc_cat=104&_nc_ht=scontent-lht6-1.xx&oh=44a4341c72499193261e24b786809697&oe=5C70D638
Economics Society,warwickeconsoc,https://scontent-lht6-1.xx.fbcdn.net/v/t1.0-9/37329531_1851891251500438_1387830338520088576_n.jpg?_nc_cat=101&_nc_ht=scontent-lht6-1.xx&oh=5298ef86bf60e9c2e65af1d9bd29f619&oe=5CA6FBC4
Economics Summit,WarwickEconomicsSummit,https://scontent-lht6-1.xx.fbcdn.net/v/t1.0-9/32674914_10155872135334862_8926453435784495104_o.png?_nc_cat=111&_nc_ht=scontent-lht6-1.xx&oh=096e8e71486936da11f8f86250c8c1c7&oe=5CA230BB
Effective Altruism,EffectiveAltruismWarwick,https://scontent-lht6-1.xx.fbcdn.net/v/t1.0-9/42311802_2098498040215642_1129172100691525632_n.png?_nc_cat=105&_nc_ht=scontent-lht6-1.xx&oh=72615e5e24fe7b63a4feab73aa378458&oe=5CAE4B29
Enactus Warwick Society,enactuswarwick,https://scontent-lht6-1.xx.fbcdn.net/v/t31.0-8/12710840_10153915247941585_5070697254794882468_o.jpg?_nc_cat=105&_nc_ht=scontent-lht6-1.xx&oh=f5029e02b68a9a9f18697294480e6da5&oe=5C6B81C8
Engineers Without Borders UK,,
Esports,warwickesports,https://scontent-lht6-1.xx.fbcdn.net/v/t31.0-8/20157899_663764473825460_6240501855576003644_o.jpg?_nc_cat=103&_nc_ht=scontent-lht6-1.xx&oh=9fa2cd11f04a4c6ef5ee0500561eaaa3&oe=5C678301
European Society,WarwickEuropeanSociety,https://scontent-lht6-1.xx.fbcdn.net/v/t1.0-9/42385065_2262448100436047_3421450744190992384_n.png?_nc_cat=110&_nc_ht=scontent-lht6-1.xx&oh=a995c6d2ae795094cffd5133910fbfc0&oe=5C9F118B
Film Studies,WarwickFilmStudiesSoc,https://scontent-lht6-1.xx.fbcdn.net/v/t1.0-9/13939307_142886579488301_2900175432356962191_n.jpg?_nc_cat=103&_nc_ht=scontent-lht6-1.xx&oh=3196c6f132f8e6637371f64a2902d0c5&oe=5C63A5BC
French Society,,
French Speaking,WarwickFrenchSpeakingSociety,https://scontent-lht6-1.xx.fbcdn.net/v/t1.0-9/43851612_2244335098972463_9150086314098425856_o.png?_nc_cat=103&_nc_ht=scontent-lht6-1.xx&oh=a5a93a913c9e2d2d34596d856490203c&oe=5C6B9074
Freshblood New Writing,freshbloodtheatre,https://scontent-lht6-1.xx.fbcdn.net/v/t1.0-9/10407596_275496219314941_4590329360471822785_n.jpg?_nc_cat=106&_nc_ht=scontent-lht6-1.xx&oh=e2b1c1e0e340d2f4044c83661556b15b&oe=5CAF180D
Friends Of Palestine,WarwickFOP,https://scontent-lht6-1.xx.fbcdn.net/v/t31.0-8/23783553_1670840909634036_431746402946841828_o.jpg?_nc_cat=100&_nc_ht=scontent-lht6-1.xx&oh=f5bd10b368a6b89ba95e1ed96ee3e585&oe=5C9EDD6C
Gaana Dance Society,WarwickGaanaDanceSociety,https://scontent-lht6-1.xx.fbcdn.net/v/t31.0-8/21586858_1699672710075139_3634752990290396675_o.jpg?_nc_cat=106&_nc_ht=scontent-lht6-1.xx&oh=df14800fe4e5bccfb7fa15a4ed4468ed&oe=5C6D4A1B
Game of Thrones,warwickgot,https://scontent-lht6-1.xx.fbcdn.net/v/t1.0-9/22007627_1930385213888243_7993752177301554423_n.png?_nc_cat=101&_nc_ht=scontent-lht6-1.xx&oh=5afa01bdc818df279e52d8b2f55605ff&oe=5CA234E9
German Society,,
German-Speaking Society,WarwickGSS,https://scontent-lht6-1.xx.fbcdn.net/v/t1.0-9/14344344_1123294081081453_9088455838027230150_n.jpg?_nc_cat=105&_nc_ht=scontent-lht6-1.xx&oh=1eb24b7c5953bb3c6b2e37446be72969&oe=5C6D0750
Go Society,,
Good Food Society,warwickgoodfood,https://scontent-lht6-1.xx.fbcdn.net/v/t1.0-9/20993915_1412693715447010_3947527804226225607_n.png?_nc_cat=108&_nc_ht=scontent-lht6-1.xx&oh=eb7d1da5ddbd3effb31297cb19b70a72&oe=5CAC7414
Harry Potter and Quidditch Society,WHPQSociety,https://scontent-lht6-1.xx.fbcdn.net/v/t1.0-9/42145011_2079173392134389_8031742740788150272_o.jpg?_nc_cat=107&_nc_ht=scontent-lht6-1.xx&oh=38a7e7f7d23d11fd729e3e11a7e1d9ea&oe=5CAD866E
Hindu,warwickhindusoc,https://scontent-lht6-1.xx.fbcdn.net/v/t1.0-9/10407169_819894591423376_7363367341197335699_n.jpg?_nc_cat=110&_nc_ht=scontent-lht6-1.xx&oh=fd18990dcd55a331517593cdf6a360af&oe=5C6F8461
Hip Hop,warwickhip.hopsoc,https://scontent-lht6-1.xx.fbcdn.net/v/t1.0-9/14446200_555984467921739_5753789832140537500_n.png?_nc_cat=107&_nc_ht=scontent-lht6-1.xx&oh=4a804427198e477f60bf23445cd8d2b2&oe=5CA0BAB2
Hip Hop Dance: EQHO,EQHOdance,https://scontent-lht6-1.xx.fbcdn.net/v/t1.0-9/42058356_2005765066152685_4113704660903133184_o.jpg?_nc_cat=105&_nc_ht=scontent-lht6-1.xx&oh=2767e7acb5bd7f07e5f16e60e49c7692&oe=5C6AE610
Hispanic Studies Society,,
HistSoc,HistSocWarwickUni,https://scontent-lht6-1.xx.fbcdn.net/v/t31.0-8/12045731_1686836911539933_208111008840570029_o.jpg?_nc_cat=105&_nc_ht=scontent-lht6-1.xx&oh=b1fc218f43745f9af8e967e8af1efd0f&oe=5C9EF72D
Hungarian,warwickhungariansociety,https://scontent-lht6-1.xx.fbcdn.net/v/t1.0-9/14495409_1783810758554961_577273159798144763_n.jpg?_nc_cat=110&_nc_ht=scontent-lht6-1.xx&oh=18d0e33ba85b259c667691f8e72eaeb0&oe=5C6778F5
India Forum,warwickindiaforum,https://scontent-lht6-1.xx.fbcdn.net/v/t1.0-9/36254291_1944264835606260_4762590686509793280_o.jpg?_nc_cat=100&_nc_ht=scontent-lht6-1.xx&oh=016fdc330f552c755bfc559823901d27&oe=5C9FBAB2
Indian Classical Dance Society,WarwickIndianClassicalDanceSociety,https://scontent-lht6-1.xx.fbcdn.net/v/t1.0-9/43124207_699628130392673_9223230607876685824_n.jpg?_nc_cat=108&_nc_ht=scontent-lht6-1.xx&oh=fc07c7ab977ce16960eb08a9324f03db&oe=5CB21562
Indian Society,WarwickIndianSociety,https://scontent-lht6-1.xx.fbcdn.net/v/t31.0-8/615393_426219414098158_545643727_o.jpg?_nc_cat=100&_nc_ht=scontent-lht6-1.xx&oh=081fde106c875d53d235b6038dcf992c&oe=5C9F36A4
International and European Law Society,warwickiels,https://scontent-lht6-1.xx.fbcdn.net/v/t1.0-9/13892198_10154403791539210_1663174966057578281_n.jpg?_nc_cat=100&_nc_ht=scontent-lht6-1.xx&oh=27e7868bf1aa6c1c36a7cb2ccb3fdad7&oe=5C65E76F
International Relations,WarwickIR,https://scontent-lht6-1.xx.fbcdn.net/v/t1.0-9/39210672_2051091704900910_4264035186347343872_o.jpg?_nc_cat=107&_nc_ht=scontent-lht6-1.xx&oh=c5a0ca75a6dcc18caf34874c87b4a724&oe=5CAEFAE5
Irish,warwickirishsociety,https://scontent-lht6-1.xx.fbcdn.net/v/t1.0-9/44582990_1123453274469640_4580141012646625280_o.jpg?_nc_cat=107&_nc_ht=scontent-lht6-1.xx&oh=98a89dd7b5388aeae4042709a6ba9e92&oe=5C69236D
Islamic,WarwickISoc,https://scontent-lht6-1.xx.fbcdn.net/v/t1.0-9/1929554_788870417880385_849955486163117719_n.png?_nc_cat=100&_nc_ht=scontent-lht6-1.xx&oh=43fbff3a74a412b3fc4fe5128bc3c8a8&oe=5C685461
Italian,WarwickItalianSociety,https://scontent-lht6-1.xx.fbcdn.net/v/t1.0-9/14079469_2317241061638148_2819654907827539972_n.png?_nc_cat=100&_nc_ht=scontent-lht6-1.xx&oh=2afa954fe6cc60f6cf53c5697a32d781&oe=5CA1028D
Italian Speaking,WarwickItalianSpeakingSociety,https://scontent-lht6-1.xx.fbcdn.net/v/t1.0-9/12417815_1729120503999126_4075047635161284149_n.jpg?_nc_cat=103&_nc_ht=scontent-lht6-1.xx&oh=3af23847d59c59b16b4c28ce4c5c0486&oe=5CA81436
Japan Society,warwickjapan,https://scontent-lht6-1.xx.fbcdn.net/v/t1.0-9/1381440_524388154301964_2130491788_n.png?_nc_cat=105&_nc_ht=scontent-lht6-1.xx&oh=ced0a574ff0244590e6286d4e0299f62&oe=5C73D741
Jewish/Israeli Society,jisocwarwick,https://scontent-lht6-1.xx.fbcdn.net/v/t1.0-9/12804687_1663358997249336_926536246936265805_n.png?_nc_cat=101&_nc_ht=scontent-lht6-1.xx&oh=e173e6ec9872e133a94af8b4adfefe61&oe=5C642124
Kazakh,,
Korean,WarwickKoreanSociety,https://scontent-lht6-1.xx.fbcdn.net/v/t1.0-9/11825556_662815917187928_5522767665990419416_n.png?_nc_cat=101&_nc_ht=scontent-lht6-1.xx&oh=9f3714f60add34f683704723ca7879dc&oe=5CA721A2
Krishna Consciousness Society,kcsoc,https://scontent-lht6-1.xx.fbcdn.net/v/t1.0-9/41477507_850952558434162_5962235302083821568_o.jpg?_nc_cat=100&_nc_ht=scontent-lht6-1.xx&oh=9f8a4da9cee937da1b2fa6e127f4d781&oe=5C6BF469
Latin American Society,LASocWarwick,https://scontent-lht6-1.xx.fbcdn.net/v/t1.0-9/37123188_481060922344759_701521549898809344_o.jpg?_nc_cat=104&_nc_ht=scontent-lht6-1.xx&oh=b950af622151f84a6b5c76aab8d0c454&oe=5CACF761
Law,warwicklawsoc,https://scontent-lht6-1.xx.fbcdn.net/v/t1.0-9/29176727_1402601293179276_6729020357514100736_n.jpg?_nc_cat=108&_nc_ht=scontent-lht6-1.xx&oh=4a4af387cd2b72cc799b133250286463&oe=5CA27ABE
Law & Business,lawandbusinesswarwick,https://scontent-lht6-1.xx.fbcdn.net/v/t1.0-9/14364727_689202001243570_1942621991698242772_n.png?_nc_cat=109&_nc_ht=scontent-lht6-1.xx&oh=8d5d8baff16f14afdf4c2b4d28edcb9b&oe=5CB0B123
Lithuanian Society,WarwickLTSoc,https://scontent-lht6-1.xx.fbcdn.net/v/t1.0-9/10341706_281477842052675_2049591740368374078_n.png?_nc_cat=109&_nc_ht=scontent-lht6-1.xx&oh=7632d6f500cc5cffb40f8e4521670af2&oe=5CA602FD
Mafia Society,,
Malaysian Students Association,WarwickMSA.official,https://scontent-lht6-1.xx.fbcdn.net/v/t1.0-9/43354524_2028574273873154_4117638571773394944_n.jpg?_nc_cat=108&_nc_ht=scontent-lht6-1.xx&oh=3bf4d8e9be98279ec2e31e63e41e7018&oe=5C706326
Matchday,warwickmatchday,https://scontent-lht6-1.xx.fbcdn.net/v/t31.0-8/21427566_1948173018759583_8667349282529322140_o.png?_nc_cat=102&_nc_ht=scontent-lht6-1.xx&oh=f10df22b0a8a9fa104f75c509afd8f7f&oe=5C6E746C
Mauritian,WarwickMauritianSociety,https://scontent-lht6-1.xx.fbcdn.net/v/t1.0-9/305498_581771088503237_2116841723_n.jpg?_nc_cat=102&_nc_ht=scontent-lht6-1.xx&oh=a8f3876fbdc9f15f8eeb9d40157085c6&oe=5C63F970
Mind Aware,WarwickMindAware,https://scontent-lht6-1.xx.fbcdn.net/v/t1.0-9/13626425_1051386971605422_1576032246936422943_n.jpg?_nc_cat=106&_nc_ht=scontent-lht6-1.xx&oh=9366ad3feb9be0648d77a4f67729b1bf&oe=5C676B75
MORSE Society,WarwickMORSESociety,https://scontent-lht6-1.xx.fbcdn.net/v/t1.0-9/15170844_1127567877363693_111867811328205691_n.png?_nc_cat=102&_nc_ht=scontent-lht6-1.xx&oh=d9ae0c39a867c5ad55373251917a7b01&oe=5C6FA8AB
Music Theatre Warwick,musictheatrewarwick,https://scontent-lht6-1.xx.fbcdn.net/v/t31.0-8/964842_564385583583060_1252861597_o.jpg?_nc_cat=107&_nc_ht=scontent-lht6-1.xx&oh=21efae613333854016ea18c26b8b0409&oe=5C9E83FC
Nepalese Society,,
Nigerian Society,,
Nightline,,
Nintendo,,
Nordic,warwicknordic,https://scontent-lht6-1.xx.fbcdn.net/v/t1.0-9/22089242_1597742326913728_5801794090297026702_n.png?_nc_cat=100&_nc_ht=scontent-lht6-1.xx&oh=7662beaf1f1f500fd4223f61db7995d0&oe=5C6C5767
Northern,WarwickNorthernSociety,https://scontent-lht6-1.xx.fbcdn.net/v/t31.0-8/12080178_792676354174821_2900535312064139155_o.jpg?_nc_cat=104&_nc_ht=scontent-lht6-1.xx&oh=3f4a8e4bb86fb9fc704d52b45d733ee7&oe=5CA9CAAA
Offbeat,Offbeat-Warwick-259304090750158,https://scontent-lht6-1.xx.fbcdn.net/v/t1.0-9/400122_577473132266584_877613896_n.jpg?_nc_cat=111&_nc_ht=scontent-lht6-1.xx&oh=f5f18387466f4eeeb128c3635e0dfb0d&oe=5CAC978B
Opera Warwick,operawarwick,https://scontent-lht6-1.xx.fbcdn.net/v/t31.0-8/17390791_1432316846833243_7316819886111417148_o.jpg?_nc_cat=101&_nc_ht=scontent-lht6-1.xx&oh=10012c47fb86eff8de3a2850f03aad09&oe=5C9DDF56
Pakistani Society,warwickpaksoc,https://scontent-lht6-1.xx.fbcdn.net/v/t31.0-8/12010720_1143757582321030_5427499383313680570_o.jpg?_nc_cat=101&_nc_ht=scontent-lht6-1.xx&oh=2fc95ce4eb2a378b2248d4b23d811f18&oe=5C638584
Pantomime,warwickpantomimesociety,https://scontent-lht6-1.xx.fbcdn.net/v/t1.0-9/17759901_1627836227234208_5442252953097814880_n.jpg?_nc_cat=101&_nc_ht=scontent-lht6-1.xx&oh=da9b73e994a31ce3a5eaafa81134792c&oe=5C73F20D
Persian,WarwickPersianSoc,https://scontent-lht6-1.xx.fbcdn.net/v/t1.0-9/20229009_130925404178872_7176322628432943768_n.jpg?_nc_cat=100&_nc_ht=scontent-lht6-1.xx&oh=cec30386281cd6cf2ed550124293134b&oe=5CAFF2AA
Philosophy & Literature,,
Philosophy Society,,
PhotoSoc,warwickphotosoc,https://scontent-lht6-1.xx.fbcdn.net/v/t31.0-8/15039558_1221893141190143_952084117623515754_o.jpg?_nc_cat=111&_nc_ht=scontent-lht6-1.xx&oh=b4c1e27a22aee11063c60e4e7159f3c7&oe=5C6E4EBB
Physics Society,warwickphysics,https://scontent-lht6-1.xx.fbcdn.net/v/t31.0-8/21543929_266455600534795_5750435079343219782_o.png?_nc_cat=100&_nc_ht=scontent-lht6-1.xx&oh=0f3d536081c8f200d0bb15a7b2563d90&oe=5C741558
Poker,,
Polish Society,PolSocWarwick,https://scontent-lht6-1.xx.fbcdn.net/v/t31.0-8/13483351_252376238470297_7788891792506311999_o.png?_nc_cat=106&_nc_ht=scontent-lht6-1.xx&oh=fb70a04782fdb79988b71483570d4db2&oe=5CB05828
Politics Society,warwickpolsoc,https://scontent-lht6-1.xx.fbcdn.net/v/t1.0-9/31895238_2154740471210490_3472307288734171136_o.jpg?_nc_cat=102&_nc_ht=scontent-lht6-1.xx&oh=b7192717291a4fa7d0c288fe7a09bdc3&oe=5CA08382
Portuguese Speaking,WarwickPortugueseSpeakingSoc,https://scontent-lht6-1.xx.fbcdn.net/v/t1.0-9/43422631_2131246773565838_1604954713587974144_n.png?_nc_cat=111&_nc_ht=scontent-lht6-1.xx&oh=3baf047a53b49ee3e63b289699a2e8ac&oe=5CA93CEB
PPE Society,WarwickPPESociety,https://scontent-lht6-1.xx.fbcdn.net/v/t1.0-9/46811580_2239279262791185_5808809814616178688_n.png?_nc_cat=110&_nc_ht=scontent-lht6-1.xx&oh=6f8ad6df606d11800c08903290ffcf85&oe=5CACA6C6
Psychology,warwickpsychsoc,https://scontent-lht6-1.xx.fbcdn.net/v/t1.0-9/18221909_1880622858844058_3645904616910975142_n.png?_nc_cat=109&_nc_ht=scontent-lht6-1.xx&oh=6216c68db31634aba3c7f278dc42530b&oe=5C9C7845
Public Speaking Society,WarwickSpeakers,https://scontent-lht6-1.xx.fbcdn.net/v/t1.0-9/43061971_1925093277581476_6750348731314339840_o.jpg?_nc_cat=100&_nc_ht=scontent-lht6-1.xx&oh=921b5c7e22d0742a27a97aa7a29fe813&oe=5C6F4A24
Quiz Society,WarwickQuizSoc,https://scontent-lht6-1.xx.fbcdn.net/v/t31.0-8/21950182_1109389919194255_73198015462795755_o.png?_nc_cat=108&_nc_ht=scontent-lht6-1.xx&oh=4b62f6191d1f740e57655b14778535ce&oe=5CB0ACC5
RAG,warwickrag,https://scontent-lht6-1.xx.fbcdn.net/v/t1.0-9/15966315_1497139586993451_805200793584163713_n.png?_nc_cat=100&_nc_ht=scontent-lht6-1.xx&oh=c945c65f2490f524768d99893297be1e&oe=5CA5598C
RaW,RAW1251AM,https://scontent-lht6-1.xx.fbcdn.net/v/t1.0-9/34535855_10155311331120836_5258735176715862016_n.jpg?_nc_cat=105&_nc_ht=scontent-lht6-1.xx&oh=963873f768e4094852df1e2fe5a8799c&oe=5C6ECAEE
Real Ale,WarwickUniversityRealAleSociety,https://scontent-lht6-1.xx.fbcdn.net/v/t31.0-8/10339286_765316606846847_310185430568772993_o.png?_nc_cat=106&_nc_ht=scontent-lht6-1.xx&oh=bbde304b6fcbec3a2ce1c8cc99723ba9&oe=5CAFA796
Reggae and Dancehall Society,WarwickRaDSoc,https://scontent-lht6-1.xx.fbcdn.net/v/t1.0-9/42366656_311111966340542_4059343646384717824_n.jpg?_nc_cat=103&_nc_ht=scontent-lht6-1.xx&oh=038fca06ba75aef94ec64f4a369cb917&oe=5CB1D637
Rock Soc,WarwickRockSoc,https://scontent-lht6-1.xx.fbcdn.net/v/t1.0-9/10155033_10152323476959669_1582290525_n.png?_nc_cat=109&_nc_ht=scontent-lht6-1.xx&oh=27548ef4ccba82300de23f7214c5176c&oe=5C65C23B
Romanian Speaking Society,warwick.rossoc,https://scontent-lht6-1.xx.fbcdn.net/v/t1.0-9/44257929_2189401698002794_7260972827585544192_n.jpg?_nc_cat=102&_nc_ht=scontent-lht6-1.xx&oh=38b6bf5760f4555f71964a87008552f1&oe=5C6B8B9A
Russian Speaking,,
Sexpression Warwick,SexpressionWarwick,https://scontent-lht6-1.xx.fbcdn.net/v/t1.0-9/44920410_2258821924132714_5183668584424931328_o.png?_nc_cat=111&_nc_ht=scontent-lht6-1.xx&oh=4ad60f026f41566ddf73415174fc474d&oe=5C6DBA91
Shakespeare,ShakeSocWarwick,https://scontent-lht6-1.xx.fbcdn.net/v/t1.0-9/10300117_716206685110506_4070362932282283962_n.jpg?_nc_cat=106&_nc_ht=scontent-lht6-1.xx&oh=af924e83436fa15c31b7d0dcef26d42d&oe=5CB046D1
Sikh,warwicksikhsoc,https://scontent-lht6-1.xx.fbcdn.net/v/t1.0-9/14639606_1240446412674313_3012459899492566775_n.png?_nc_cat=111&_nc_ht=scontent-lht6-1.xx&oh=983eb44f51cf48dcef022b3c5c84b4e5&oe=5CB27441
Singapore,,
Sociology Society,SociologySociety,https://scontent-lht6-1.xx.fbcdn.net/v/t1.0-9/40414453_1858487164246405_5317120305007689728_n.jpg?_nc_cat=101&_nc_ht=scontent-lht6-1.xx&oh=606622a09814fd0cabd5d6dc064b75ec&oe=5C6FA31E
Somali Society,WarwickSomSoc,https://scontent-lht6-1.xx.fbcdn.net/v/t1.0-9/39535791_671517933246836_1318481172333854720_n.png?_nc_cat=108&_nc_ht=scontent-lht6-1.xx&oh=4c5946ec21e943fd3f500da670c9c08d&oe=5CA47FAF
Spanish Speaking Society,warwickspanishsociety,https://scontent-lht6-1.xx.fbcdn.net/v/t1.0-9/1554557_496848713756802_155477335_n.png?_nc_cat=111&_nc_ht=scontent-lht6-1.xx&oh=c6b5ff3e2db202c813e66dc900cc1adf&oe=5CA55832
Sri Lankan Society,WarwickSriLanka,https://scontent-lht6-1.xx.fbcdn.net/v/t1.0-9/1377079_431335260305061_293176150_n.jpg?_nc_cat=105&_nc_ht=scontent-lht6-1.xx&oh=445494bf1c3526767f35c3205346a57b&oe=5C6E2234
St John Ambulance LINKS,UniOfWarwickLINKS,https://scontent-lht6-1.xx.fbcdn.net/v/t1.0-9/32786573_1907792402564878_8169276892210266112_n.png?_nc_cat=101&_nc_ht=scontent-lht6-1.xx&oh=18784c9af040916921edf04154bceeb7&oe=5CA764FA
Star Wars,,
String Orchestra,warwickunistringorchestra,https://scontent-lht6-1.xx.fbcdn.net/v/t1.0-9/17103795_721164671385687_4023647180873017133_n.png?_nc_cat=110&_nc_ht=scontent-lht6-1.xx&oh=9c15cf68cb4c1c96f6054f6706b504f2&oe=5C664C3B
Swiss Society,warwickswisssociety,https://scontent-lht6-1.xx.fbcdn.net/v/t1.0-9/14519926_605699286258808_3662940629774981691_n.png?_nc_cat=106&_nc_ht=scontent-lht6-1.xx&oh=445d242b911bc603065cda851b2b701c&oe=5C6D79E1
Symphony Orchestra,UniversityofWarwickSymphony,https://scontent-lht6-1.xx.fbcdn.net/v/t1.0-9/14224878_1569272553380418_1976380963675171208_n.png?_nc_cat=111&_nc_ht=scontent-lht6-1.xx&oh=fc0fe48c370fb8bc92ff5f886cde4eac&oe=5C9E3FAD
Tabletop Games and Role-playing Society,TAGAROPLE,https://scontent-lht6-1.xx.fbcdn.net/v/t31.0-8/22135371_731998010322535_3246212467878563718_o.png?_nc_cat=111&_nc_ht=scontent-lht6-1.xx&oh=c1f35de0f05f45110db621a840dabb25&oe=5CB23A33
Tai Chi & Chigong Society,,
Tamil Society,WarwickTamilSociety,https://scontent-lht6-1.xx.fbcdn.net/v/t1.0-9/39400745_1961617980565689_1816524566365732864_n.jpg?_nc_cat=105&_nc_ht=scontent-lht6-1.xx&oh=5591ca1aeea7ef45e141255ced52f4f2&oe=5CA1AAC8
Tech Crew,warwicktechcrew,https://scontent-lht6-1.xx.fbcdn.net/v/t31.0-8/340620_275049932526467_69150950_o.jpg?_nc_cat=101&_nc_ht=scontent-lht6-1.xx&oh=0726eb59a6487faecfda1200c8da93e1&oe=5C6EFCC4
TEDxWarwick,tedxwarwick,https://scontent-lht6-1.xx.fbcdn.net/v/t1.0-9/41992057_10155888722714677_6537956121716457472_o.png?_nc_cat=102&_nc_ht=scontent-lht6-1.xx&oh=93ea6fd5afa16d2fac745c5b6b719757&oe=5C6B967E
Thai,WarwickThaiSoc,https://scontent-lht6-1.xx.fbcdn.net/v/t1.0-9/22310444_1971454789733117_5666885706892948157_n.jpg?_nc_cat=109&_nc_ht=scontent-lht6-1.xx&oh=40ab23bef31a92ea3e0b28520a895bf9&oe=5C6E39B9
The Black Women's Project,theblackwomensproject,https://scontent-lht6-1.xx.fbcdn.net/v/t1.0-9/18194685_1445508312422967_7439727559039958678_n.jpg?_nc_cat=103&_nc_ht=scontent-lht6-1.xx&oh=0e7d059c3bcb536430a8f8e56814bdbc&oe=5C715243
The Boar,warwickboar,https://scontent-lht6-1.xx.fbcdn.net/v/t1.0-9/28958382_10155964643381346_8647257630714101760_n.jpg?_nc_cat=105&_nc_ht=scontent-lht6-1.xx&oh=5d3bb59d25ae0c00ba5247c0cfae561f&oe=5CA2EDE8
The Writing Society,WarwickWriting,https://scontent-lht6-1.xx.fbcdn.net/v/t1.0-9/29365538_1929805573758557_8409955512174510080_n.png?_nc_cat=100&_nc_ht=scontent-lht6-1.xx&oh=ad003f0a795c847d273564c7ee5f3b1b&oe=5C73BA32
Third Culture Society,WarwickThirdCulture,https://scontent-lht6-1.xx.fbcdn.net/v/t1.0-9/26904600_1650125735034092_8529994012934890265_n.png?_nc_cat=104&_nc_ht=scontent-lht6-1.xx&oh=661bf7dc4c52f06ff87ac28c4b88da08&oe=5CA8F1B8
UNICEF on Campus,WarwickUNICEF,https://scontent-lht6-1.xx.fbcdn.net/v/t1.0-9/20840758_1503786379669157_7013085115685120911_n.png?_nc_cat=102&_nc_ht=scontent-lht6-1.xx&oh=47d7ec8899f4d25ce41e395276c4b89a&oe=5CA38C38
Vegan & Vegetarian Society,,
VocSoc,warwickvocsoc,https://scontent-lht6-1.xx.fbcdn.net/v/t1.0-9/41094425_1360405007425388_3135099394756444160_n.png?_nc_cat=106&_nc_ht=scontent-lht6-1.xx&oh=392b525fabb5b4257b68aa4c8438ee82&oe=5CAB89E3
Warwick ABACUS,warwickabacus,https://scontent-lht6-1.xx.fbcdn.net/v/t1.0-9/32235709_1834118743560431_1935129628683272192_n.jpg?_nc_cat=103&_nc_ht=scontent-lht6-1.xx&oh=c8aeb79b1d02afbdadbef9419f95ed03&oe=5CAD1676
Warwick Aerobics,warwickaerobicsocials,https://scontent-lht6-1.xx.fbcdn.net/v/t1.0-9/22089707_1478285615588048_6353605146727330572_n.jpg?_nc_cat=106&_nc_ht=scontent-lht6-1.xx&oh=5a4848a74d19ac01863103259b3e003f&oe=5C731802
Warwick Aerospace,WarwickAerospace,https://scontent-lht6-1.xx.fbcdn.net/v/t1.0-9/28167078_1686391184733556_2699969568017608341_n.png?_nc_cat=106&_nc_ht=scontent-lht6-1.xx&oh=d506b3837117be7b093b05ba2aab6f61&oe=5CA45C08
Warwick Airsoft Society,,
Warwick Anti-Racism Society,warsoc,https://scontent-lht6-1.xx.fbcdn.net/v/t1.0-9/1240403_818038944974586_1280944809755378981_n.jpg?_nc_cat=111&_nc_ht=scontent-lht6-1.xx&oh=d16dfc37d2c4557cd7c9813b0c1cff5a&oe=5CAC8680
Warwick Anti-Sexism Society,warwickantisexism,https://scontent-lht6-1.xx.fbcdn.net/v/t1.0-9/41361742_2064202033591260_826214474955358208_o.jpg?_nc_cat=109&_nc_ht=scontent-lht6-1.xx&oh=bf83a0917dd2438b78814bef188c6ba6&oe=5C9E7CE1
Warwick Asia Careers Society,uofw.acs,https://scontent-lht6-1.xx.fbcdn.net/v/t1.0-9/555196_317801331670008_1766719135_n.png?_nc_cat=110&_nc_ht=scontent-lht6-1.xx&oh=3d00c611a47ee4828ce410aaf8582975&oe=5C725335
Warwick Bass,Warwick.Bass.Society,https://scontent-lht6-1.xx.fbcdn.net/v/t31.0-8/12716352_777859752320751_8804909879868570136_o.png?_nc_cat=104&_nc_ht=scontent-lht6-1.xx&oh=75c37d727b3ab960c7deabcececc5ce0&oe=5C9C6A53
Warwick Blackout,warwickblackout,https://scontent-lht6-1.xx.fbcdn.net/v/t31.0-8/12374753_537429076460200_4689323895829065345_o.jpg?_nc_cat=109&_nc_ht=scontent-lht6-1.xx&oh=c7c538839b119253731ac0bd1ba830a0&oe=5C72F443
Warwick Buddhist Society,warwickbuddhistsoc,https://scontent-lht6-1.xx.fbcdn.net/v/t31.0-8/14425320_1785457775060032_2062118987277633905_o.jpg?_nc_cat=101&_nc_ht=scontent-lht6-1.xx&oh=48597d0b13cd30a6200fb8a3c1b42211&oe=5C9CBCCF
Warwick Careers Society,,
Warwick Circus Society,,
Warwick Congress,warwickcongress,https://scontent-lht6-1.xx.fbcdn.net/v/t31.0-8/14976601_672574392906884_6113560259021165198_o.jpg?_nc_cat=101&_nc_ht=scontent-lht6-1.xx&oh=f6005a03765d5f2314616f48164e7f40&oe=5C695124
Warwick Conservative Association,warwicktories,https://scontent-lht6-1.xx.fbcdn.net/v/t1.0-9/429927_612622922081543_1286842752_n.png?_nc_cat=102&_nc_ht=scontent-lht6-1.xx&oh=3b230c4b4318ea70fb2b72edda0c3b0d&oe=5C643991
Warwick Debating Society,WarwickDebating,https://scontent-lht6-1.xx.fbcdn.net/v/t1.0-9/39628770_1857166547708164_1233986272129712128_n.png?_nc_cat=101&_nc_ht=scontent-lht6-1.xx&oh=de5441d464d4e7c93a9df89bc944d0f8&oe=5C68FB04
Warwick Emerging Markets Society,WarwickEmergingMarketsSociety,https://scontent-lht6-1.xx.fbcdn.net/v/t31.0-8/22829872_1553934221354078_5797868543866527950_o.png?_nc_cat=102&_nc_ht=scontent-lht6-1.xx&oh=61fd173129460ea0864873e4cabcb703&oe=5C71FC8A
Warwick Enable,warwickenable,https://scontent-lht6-1.xx.fbcdn.net/v/t1.0-9/14479647_1740407669542213_2408643901536947707_n.png?_nc_cat=101&_nc_ht=scontent-lht6-1.xx&oh=ea9599028aad38547e8f2fd900de1970&oe=5CA4369F
Warwick Engineering Society,WarwickEngineeringSociety,https://scontent-lht6-1.xx.fbcdn.net/v/t1.0-9/1896820_1444574865805736_5292941863660653454_n.png?_nc_cat=109&_nc_ht=scontent-lht6-1.xx&oh=04c20b8ad88fb8f53d23231439e356e6&oe=5C9D6BBF
Warwick Entrepreneurs,warwickentrepreneurs,https://scontent-lht6-1.xx.fbcdn.net/v/t31.0-8/21765556_1440411889329570_8652214995870014166_o.png?_nc_cat=111&_nc_ht=scontent-lht6-1.xx&oh=3ed85ce35e10e991ea919227197160c2&oe=5CA81F22
Warwick Finance Societies,wfsocieties,https://scontent-lht6-1.xx.fbcdn.net/v/t1.0-9/29186348_1829621227062409_6065910774612623360_o.jpg?_nc_cat=102&_nc_ht=scontent-lht6-1.xx&oh=23e205e069973094a108829e159a9963&oe=5C6931A4
Warwick Folk,WarwickFolk,https://scontent-lht6-1.xx.fbcdn.net/v/t31.0-8/332656_228260913899644_1296519448_o.jpg?_nc_cat=109&_nc_ht=scontent-lht6-1.xx&oh=0e20d8f04b4ca29322da827a5722a70c&oe=5C6B83F2
Warwick Game Design,,
Warwick Glee,WarwickGlee,https://scontent-lht6-1.xx.fbcdn.net/v/t1.0-9/1150201_527899813949881_2091757631_n.jpg?_nc_cat=101&_nc_ht=scontent-lht6-1.xx&oh=28c1f687877a7b2c851c26f1aa7130f1&oe=5CAC38C1
Warwick Globalist,TheWarwickGlobalist,https://scontent-lht6-1.xx.fbcdn.net/v/t1.0-9/12006199_895884357114141_6425030310263970211_n.png?_nc_cat=101&_nc_ht=scontent-lht6-1.xx&oh=610765cfba0ca3eb5e4fcb75d62a5255&oe=5CABE19F
Warwick Greek Society,warwickgreeksociety,https://scontent-lht6-1.xx.fbcdn.net/v/t1.0-9/41626323_235322153826739_3211369806250901504_o.png?_nc_cat=100&_nc_ht=scontent-lht6-1.xx&oh=d024264fcd3b7330482730629b3a76b6&oe=5CADC8B7
Warwick GSD,GSDsoc,https://scontent-lht6-1.xx.fbcdn.net/v/t1.0-9/17155344_744618449034703_3421534621224480171_n.jpg?_nc_cat=103&_nc_ht=scontent-lht6-1.xx&oh=a78d52824ce0b09ae1d800487796cb05&oe=5C6B989A
Warwick Hong Kong Society,warwickhksociety,https://scontent-lht6-1.xx.fbcdn.net/v/t1.0-9/35360728_958088931030861_3453411215043198976_o.png?_nc_cat=110&_nc_ht=scontent-lht6-1.xx&oh=84b935b85e24fb9de2695ee3a340739d&oe=5CA0E611
Warwick Human Rights & Free Speech,warwickforfreespeech,https://scontent-lht6-1.xx.fbcdn.net/v/t1.0-9/42261205_681476762227231_4007121710263304192_n.png?_nc_cat=109&_nc_ht=scontent-lht6-1.xx&oh=1b3cbe925aeef9188d909c0c9145109e&oe=5CA0646E
Warwick Improvised Theatre Society,warwickimprov,https://scontent-lht6-1.xx.fbcdn.net/v/t31.0-8/285921_282471398432645_567380309_o.jpg?_nc_cat=107&_nc_ht=scontent-lht6-1.xx&oh=844b8e791dbf7ff6b119bd4bf7e34305&oe=5C644034
Warwick Inspire,warwickinspire17,https://scontent-lht6-1.xx.fbcdn.net/v/t1.0-9/42709167_2249314765304812_8183064866806824960_o.png?_nc_cat=108&_nc_ht=scontent-lht6-1.xx&oh=2c609ebe1eaac00cbd0d7f557023e23d&oe=5C6FFADB
Warwick International Development,warwickinternationaldevelopment,https://scontent-lht6-1.xx.fbcdn.net/v/t31.0-8/20988316_2089619697722278_4065876627442292447_o.jpg?_nc_cat=105&_nc_ht=scontent-lht6-1.xx&oh=f9ba01dec50f865c769d9d7312f8e84e&oe=5CAFD3AC
Warwick Labour,WarwickLabour,https://scontent-lht6-1.xx.fbcdn.net/v/t1.0-9/32842157_1710288599057789_8428392535465918464_o.png?_nc_cat=101&_nc_ht=scontent-lht6-1.xx&oh=038d3778013e7ded5a6af725a174a422&oe=5C69811D
Warwick Liberal Arts,Warwick-Liberal-Arts-Society-179721516254492,https://scontent-lht6-1.xx.fbcdn.net/v/t1.0-9/42681405_179722879587689_839373155238674432_n.jpg?_nc_cat=109&_nc_ht=scontent-lht6-1.xx&oh=15e6d1889a0b5d06c4db148f6fd0115a&oe=5C722709
Warwick Liberal Democrats,warwicklibdems,https://scontent-lht6-1.xx.fbcdn.net/v/t1.0-9/39860182_10155980163382607_3969985404387459072_n.jpg?_nc_cat=105&_nc_ht=scontent-lht6-1.xx&oh=aa3ab4d2a213f7c19111b3c1a5606e24&oe=5C682E86
Warwick Literature Society,warwicklitsoc,https://scontent-lht6-1.xx.fbcdn.net/v/t1.0-9/13882613_1078085562271562_5632880221687839245_n.jpg?_nc_cat=107&_nc_ht=scontent-lht6-1.xx&oh=30ebfef7569ed9e8ca3bddb31058afa7&oe=5CB1A44B
Warwick Magic,WarwickMagic,https://scontent-lht6-1.xx.fbcdn.net/v/t1.0-9/1546320_803498076355653_6259196595554042454_n.jpg?_nc_cat=102&_nc_ht=scontent-lht6-1.xx&oh=078eba6c4ca137523378fcb83e4d9045&oe=5C6FB4CE
Warwick Management,warwickmanagementsociety,https://scontent-lht6-1.xx.fbcdn.net/v/t31.0-8/12109754_1135889913107810_2459035666062312186_o.png?_nc_cat=105&_nc_ht=scontent-lht6-1.xx&oh=3c1067b6e0d989ec08265812243aa421&oe=5C7003C4
Warwick Manufacturing Group,,
Warwick Marxists,warwickmarxists,https://scontent-lht6-1.xx.fbcdn.net/v/t1.0-9/39203574_834155133454314_6390866385320280064_o.jpg?_nc_cat=103&_nc_ht=scontent-lht6-1.xx&oh=f406adf9d45704dd95d9849e98322ed3&oe=5C748724
Warwick Maths Society,warwickmathssociety,https://scontent-lht6-1.xx.fbcdn.net/v/t1.0-9/1175730_526486710738308_1569308189_n.png?_nc_cat=106&_nc_ht=scontent-lht6-1.xx&oh=41428ac61e1130799e0f48b829ba81cb&oe=5CA36150
Warwick Medical Society,wmsmedsoc,https://scontent-lht6-1.xx.fbcdn.net/v/t1.0-9/10246350_1588466128043918_7624848513038545859_n.jpg?_nc_cat=101&_nc_ht=scontent-lht6-1.xx&oh=06b623fa4579db15e242b873ceb01381&oe=5C6697E9
Warwick Piano,warwickpianosociety,https://scontent-lht6-1.xx.fbcdn.net/v/t31.0-8/22096213_1589931081063695_1596358344436250706_o.jpg?_nc_cat=101&_nc_ht=scontent-lht6-1.xx&oh=cab78d4c3073afe6ea749408e51c6d7a&oe=5C9E8692
Warwick Pole and Aerial Arts,WarwickPoleandAerialArts,https://scontent-lht6-1.xx.fbcdn.net/v/t31.0-8/13920121_1775730472705742_8770664817415134967_o.jpg?_nc_cat=105&_nc_ht=scontent-lht6-1.xx&oh=b4ef9ebf58cc49bdeee7459e53b73d20&oe=5C66CCF1
Warwick Pride,warwickpride,https://scontent-lht6-1.xx.fbcdn.net/v/t1.0-9/66482_10151513960869110_998366130_n.png?_nc_cat=101&_nc_ht=scontent-lht6-1.xx&oh=8b494694fcc05238747e6d019c0def8c&oe=5C6822F2
Warwick Pugwash,WarwickPugwashStudentSociety,https://scontent-lht6-1.xx.fbcdn.net/v/t31.0-8/22135571_1889820897936461_6309043933156215550_o.png?_nc_cat=104&_nc_ht=scontent-lht6-1.xx&oh=d613c7ef6844ddcf56a0ec1721f81f42&oe=5C70D766
Warwick Punjabi,warwickpunjabisociety,https://scontent-lht6-1.xx.fbcdn.net/v/t31.0-8/13116424_1719589024949101_8948854626209543556_o.png?_nc_cat=111&_nc_ht=scontent-lht6-1.xx&oh=a3e6d0ef04c217282ddd39b9f5074ae0&oe=5CB0C80D
Warwick Risk Management,wrmsociety,https://scontent-lht6-1.xx.fbcdn.net/v/t31.0-8/17636944_1568250619882566_3671937768528705670_o.png?_nc_cat=104&_nc_ht=scontent-lht6-1.xx&oh=c491217caaad563f2343e17b86023796&oe=5C6DA9A7
Warwick Salsa,warwicksalsa,https://scontent-lht6-1.xx.fbcdn.net/v/t31.0-8/21248365_1337614009670211_247401991966134878_o.jpg?_nc_cat=102&_nc_ht=scontent-lht6-1.xx&oh=c28c365fd4c459c915fd314c7e76767f&oe=5C701F93
Warwick Skate,warwickskate,https://scontent-lht6-1.xx.fbcdn.net/v/t1.0-9/22046922_2020348618197705_5653563238403641298_n.png?_nc_cat=101&_nc_ht=scontent-lht6-1.xx&oh=6cb6998577a493ff86f6728203c19f7d&oe=5CAE41A4
Warwick STAR,WarwickSTAR,https://scontent-lht6-1.xx.fbcdn.net/v/t1.0-9/46654514_1941743519278717_3671825832646541312_n.jpg?_nc_cat=108&_nc_ht=scontent-lht6-1.xx&oh=c37b3bc7ce0a7228dc4576c6c4b74cea&oe=5CA81186
Warwick Consulting,warwickconsultingsociety,https://scontent-lht6-1.xx.fbcdn.net/v/t31.0-8/11224435_1136991602980864_6196548429067196337_o.png?_nc_cat=107&_nc_ht=scontent-lht6-1.xx&oh=bd50588d033fda486af98950dbfeaad1&oe=5CAE9342
Warwick Street Dance,warwickstreetdance,https://scontent-lht6-1.xx.fbcdn.net/v/t1.0-9/46439175_682342185499267_6720872027164508160_n.jpg?_nc_cat=108&_nc_ht=scontent-lht6-1.xx&oh=7096c0ae9a0676292ccf04c56d4561c8&oe=5C708B57
Warwick Student Cinema,wscfilmsoc,https://scontent-lht6-1.xx.fbcdn.net/v/t1.0-9/11987105_10153550770874354_7086439911405745648_n.png?_nc_cat=101&_nc_ht=scontent-lht6-1.xx&oh=01721bc07fbde7484f2997128baac72c&oe=5C682DFA
Warwick Sustainable Development Society,WarwickSDS,https://scontent-lht6-1.xx.fbcdn.net/v/t1.0-9/41932711_1987571174639565_5091652925902553088_o.png?_nc_cat=104&_nc_ht=scontent-lht6-1.xx&oh=88ea7ea47b3443350595cbca2dea5e3d&oe=5CA968AA
Warwick Taiwanese,WarwickTaiwaneseSociety,https://scontent-lht6-1.xx.fbcdn.net/v/t31.0-8/1599403_211292075737256_1606089576_o.png?_nc_cat=104&_nc_ht=scontent-lht6-1.xx&oh=b16ad4a49de0bf8353d632f11676bf3e&oe=5CAAF995
Warwick Tap,WarwickTap,https://scontent-lht6-1.xx.fbcdn.net/v/t1.0-9/42150012_1976154032428116_6704514219015929856_n.jpg?_nc_cat=104&_nc_ht=scontent-lht6-1.xx&oh=d86df4bce95565ad48d96571eab2a280&oe=5CAD1A30
Warwick Think Tank Society,WarwickThinkTank,https://scontent-lht6-1.xx.fbcdn.net/v/t31.0-8/10710477_855099507843077_5846324189101097958_o.png?_nc_cat=108&_nc_ht=scontent-lht6-1.xx&oh=fe290e4bc75c568cec958b80f57a6421&oe=5CACF291
Warwick Trading Society,WarwickTradingSoc,https://scontent-lht6-1.xx.fbcdn.net/v/t31.0-8/22135613_1122349034564085_8357255699893382920_o.png?_nc_cat=110&_nc_ht=scontent-lht6-1.xx&oh=a3f83ba602f4df729350bace840d5807&oe=5C6F6032
Warwick UN Society,warwickmunsoc,https://scontent-lht6-1.xx.fbcdn.net/v/t1.0-9/36511512_1937290146561015_5865931509558411264_n.png?_nc_cat=107&_nc_ht=scontent-lht6-1.xx&oh=a8d4f0c208ea770d905ec1a28606099b&oe=5C6D2FEC
Warwick Volunteers,WarwickVolunteers,https://scontent-lht6-1.xx.fbcdn.net/v/t1.0-9/12039376_950972694962243_1785425554095966582_n.png?_nc_cat=101&_nc_ht=scontent-lht6-1.xx&oh=c1240e76a92c88633fb5d8d378667818&oe=5C649DF3
Warwick Women’s Careers,warwick.women.careers,https://scontent-lht6-1.xx.fbcdn.net/v/t31.0-8/12006696_1641780089423169_2654859372063483158_o.jpg?_nc_cat=105&_nc_ht=scontent-lht6-1.xx&oh=a1f29dc9f569150f887ce8c556a96803&oe=5CB03656
Welsh,WelshSoc,https://scontent-lht6-1.xx.fbcdn.net/v/t1.0-9/18199217_168164500376727_8909396592587205015_n.png?_nc_cat=106&_nc_ht=scontent-lht6-1.xx&oh=6f0d6fd47207fae6680f63b2272024d8&oe=5CA0C6B4
WHKPASS,whkpass,https://scontent-lht6-1.xx.fbcdn.net/v/t1.0-9/13516392_1298395833521533_6635015778711077308_n.png?_nc_cat=104&_nc_ht=scontent-lht6-1.xx&oh=acd4513b89b66014dbbd84073560b86e&oe=5C9D83D0
Who Soc,,
Wind Orchestra,uwwindorch,https://scontent-lht6-1.xx.fbcdn.net/v/t31.0-8/13119796_1036796993065191_4695207526899228124_o.png?_nc_cat=101&_nc_ht=scontent-lht6-1.xx&oh=642fccf6c2b5bcbf4f842fd7447b5f79&oe=5C9E6520
Women for Women International,wfwi.warwick,https://scontent-lht6-1.xx.fbcdn.net/v/t1.0-9/46665733_1688359007937455_3567048722481152000_o.png?_nc_cat=103&_nc_ht=scontent-lht6-1.xx&oh=d32f5a6e4ca786aa7a2181de137f5c02&oe=5CA43D66
World@Warwick,WorldatWarwick,https://scontent-lht6-1.xx.fbcdn.net/v/t1.0-9/41298071_2136481393050705_4016069445695832064_n.jpg?_nc_cat=106&_nc_ht=scontent-lht6-1.xx&oh=dc30c3d171bf37d989c43c2002c6ef08&oe=5CA05D60
Warwick University Drama Society,WarwickUniversityDramaSociety,https://scontent-lht6-1.xx.fbcdn.net/v/t1.0-9/13934682_10153928897728230_5843568197101690845_n.jpg?_nc_cat=101&_nc_ht=scontent-lht6-1.xx&oh=e452bb0498729020862a760aa74093a6&oe=5C65DEE2
Yoga,warwick.yoga,https://scontent-lht6-1.xx.fbcdn.net/v/t1.0-9/19099_884785921578654_2924456313314224461_n.png?_nc_cat=107&_nc_ht=scontent-lht6-1.xx&oh=bd0903160a51052d866bae6ab1cf5c61&oe=5C70D876
WBSS,wbssociety,https://scontent-lht6-1.xx.fbcdn.net/v/t1.0-9/10885078_837066299672651_6818595867528453978_n.jpg?_nc_cat=109&_nc_ht=scontent-lht6-1.xx&oh=8a2db8c6202896470e9ca16c70dc2317&oe=5CB029AF
WarwickTECH,warwicktech,https://scontent-lht6-1.xx.fbcdn.net/v/t31.0-8/16665113_872879189521805_4712620896519167549_o.jpg?_nc_cat=102&_nc_ht=scontent-lht6-1.xx&oh=23ef93a01a1cdffba7584dbc4f11c077&oe=5C674C52
RELUSO,warwickreluso,https://scontent-lht6-1.xx.fbcdn.net/v/t1.0-9/41252332_541444809627487_5889113526819094528_o.png?_nc_cat=102&_nc_ht=scontent-lht6-1.xx&oh=98068136c9102e80e80b0bd9db0a8adf&oe=5C747051
Central Asia Forum,centralasiaforum,https://scontent-lht6-1.xx.fbcdn.net/v/t1.0-9/29066246_455634021537359_2532516213272084480_o.png?_nc_cat=103&_nc_ht=scontent-lht6-1.xx&oh=7ed0b72b75d53b84a4f5393153caf621&oe=5C6F4E25
Warwick Kickstart,warwickkickstart,https://scontent-lht6-1.xx.fbcdn.net/v/t31.0-8/22426290_1910674349259475_5498091840721763587_o.jpg?_nc_cat=105&_nc_ht=scontent-lht6-1.xx&oh=4fd2d75f2152e173c7ad3c6fde494e7a&oe=5CAB499C
Warwick Incubator,WarwickIncubator,https://scontent-lht6-1.xx.fbcdn.net/v/t31.0-8/12132547_467282823443167_1457800215052793158_o.png?_nc_cat=101&_nc_ht=scontent-lht6-1.xx&oh=82a422d5085974ccf3e2acf8ecfcc1a3&oe=5C63CB0E
